{
  "ece": 0.11937142271571896,
  "bucket_centers": [
    0.05,
    0.15000000000000002,
    0.25,
    0.35000000000000003,
    0.45,
    0.55,
    0.6500000000000001,
    0.75,
    0.8500000000000001,
    0.95
  ],
  "bucket_accuracies": [
    0.0,
    0.0,
    0.0,
    0.8,
    0.45714285714285713,
    0.4094488188976378,
    0.5181159420289855,
    0.6052631578947368,
    0.7178683385579937,
    0.8721311475409836
  ],
  "bucket_counts": [
    0,
    0,
    0,
    5,
    70,
    254,
    276,
    266,
    319,
    305
  ]
}