{
  "accuracy": 0.6280936454849498,
  "macro_f1": 0.6263401545483575,
  "per_class": {
    "0": {
      "precision": 0.7169421487603306,
      "recall": 0.6953907815631263,
      "f1": 0.7060020345879959
    },
    "1": {
      "precision": 0.45579567779960706,
      "recall": 0.5010799136069114,
      "f1": 0.47736625514403286
    },
    "2": {
      "precision": 0.7171314741035857,
      "recall": 0.6754221388367729,
      "f1": 0.6956521739130435
    }
  }
}