{
  "accuracy": 0.6280936454849498,
  "macro_f1": 0.6263401545483575,
  "per_class_f1": {
    "negative": 0.7060020345879959,
    "neutral": 0.4773662551440329,
    "positive": 0.6956521739130435
  },
  "per_class_precision": {
    "negative": 0.7169421487603306,
    "neutral": 0.45579567779960706,
    "positive": 0.7171314741035857
  },
  "per_class_recall": {
    "negative": 0.6953907815631263,
    "neutral": 0.5010799136069114,
    "positive": 0.6754221388367729
  }
}